tweet_id,retweet_count,favorite_count,user_count
892420643555336193,6969,33697,9359003
892177421306343426,5272,29222,9359003
891815181378084864,3464,21978,9359003
891689557279858688,7191,36791,9359003
891327558926688256,7717,35182,9359003
891087950875897856,2586,17749,9359003
890971913173991426,1647,10331,9359003
890729181411237888,15679,56666,9359003
890609185150312448,3604,24427,9359003
890240255349198849,6068,27848,9359003
890006608113172480,6111,26947,9359003
889880896479866881,4141,24487,9359003
889665388333682689,8302,41878,9359003
889638837579907072,3700,23580,9359003
889531135344209921,1874,13312,9359003
889278841981685760,4419,22026,9359003
888917238123831296,3742,25533,9359003
888804989199671297,3513,22391,9359003
888554962724278272,2863,17252,9359003
888078434458587136,2885,19101,9359003
887705289381826560,4516,26529,9359003
887517139158093824,9810,40587,9359003
887473957103951883,14952,59978,9359003
887343217045368832,8775,29489,9359003
887101392804085760,4969,26897,9359003
886983233522544640,6287,30241,9359003
886736880519319552,2616,10453,9359003
886680336477933568,3720,19655,9359003
886366144734445568,2613,18489,9359003
886267009285017600,4,105,9359003
886258384151887873,5253,24445,9359003
886054160059072513,93,0,9359003
885984800019947520,5589,28497,9359003
885528943205470208,5306,31483,9359003
885518971528720385,3097,17941,9359003
885311592912609280,15365,0,9359003
885167619883638784,3652,19180,9359471
884925521741709313,14943,67013,9359003
884876753390489601,4639,24300,9359003
884562892145688576,3896,21243,9359003
884441805382717440,4776,23779,9359003
884247878851493888,16823,63019,9359003
884162670584377345,2493,17888,9359003
883838122936631299,2850,19092,9359003
883482846933004288,8221,40046,9359003
883360690899218434,3061,19879,9359003
883117836046086144,5513,32387,9359003
882992080364220416,3229,20918,9359003
882762694511734784,4077,24695,9359003
882627270321602560,5042,24527,9359003
882268110199369728,9583,39043,9359003
882045870035918850,4066,25626,9359003
881906580714921986,2839,21374,9359003
881666595344535552,8912,44387,9359003
881633300179243008,8,113,9359003
881536004380872706,13351,43282,9359003
881268444196462592,4481,20428,9359003
880935762899988482,2325,14995,9359003
880872448815771648,3191,18655,9359003
880465832366813184,5192,24928,9359003
880221127280381952,3448,23578,9359003
880095782870896641,3634,24233,9359003
879862464715927552,2913,19638,9359003
879674319642796034,9,282,9359003
879492040517615616,2619,20649,9359003
879415818425184262,37264,92503,9359003
879376492567855104,2634,14809,9359003
879130579576475649,5711,0,9359003
879050749262655488,3935,19746,9359003
879008229531029506,2230,16724,9359003
878776093423087618,3419,17085,9359003
878604707211726852,5897,26356,9359003
878404777348136964,1070,0,9359003
878316110768087041,5501,0,9359003
878281511006478336,1070,6756,9359003
878057613040115712,5711,37018,9359003
877736472329191424,15734,69047,9359003
877611172832227328,70,0,9359003
877556246731214848,3152,19839,9359003
877316821321428993,4321,24069,9359003
877201837425926144,4602,23796,9359003
876838120628539392,2795,18165,9359003
876537666061221889,3962,20990,9359003
876484053909872640,1989,16510,9359003
876120275196170240,3890,24610,9359003
875747767867523072,3567,22034,9359003
875144289856114688,4132,19368,9359003
875097192612077568,5094,24168,9359003
875021211251597312,3954,22489,9359003
874680097055178752,3906,24521,9359003
874434818259525634,12159,0,9359003
874296783580663808,3471,22884,9359003
874057562936811520,3368,20056,9359003
874012996292530176,8551,30024,9359003
873580283840344065,3333,21311,9359003
873337748698140672,1327,0,9359003
873213775632977920,1327,6302,9359003
872967104147763200,4544,23980,9359003
872820683541237760,3157,13031,9359003
872620804844003328,3058,18273,9359003
872486979161796608,7683,35988,9359003
872122724285648897,6803,30102,9359003
871879754684805121,9210,32971,9359003
871762521631449091,2958,17818,9359003
871515927908634625,2924,17846,9359003
871166179821445120,4878,0,9359003
871102520638267392,4652,18489,9359003
871032628920680449,3213,20093,9359003
870804317367881728,5264,29703,9359003
870726314365509632,3,105,9359003
870656317836468226,2190,10857,9359003
870374049280663552,22657,73716,9359003
870308999962521604,3534,19420,9359003
870063196459192321,7050,32309,9359003
869772420881756160,8659,37894,9359003
869702957897576449,5363,24968,9359003
869596645499047938,2629,14149,9359003
869227993411051520,3188,18083,9359003
868880397819494401,12200,57751,9359003
868639477480148993,1742,0,9359003
868622495443632128,4444,23570,9359003
868552278524837888,1742,8936,9359003
867900495410671616,3554,21533,9359003
867774946302451713,6229,30166,9359003
867421006826221569,2109,14297,9359003
867072653475098625,100,0,9359003
867051520902168576,6755,28609,9359003
866720684873056260,4118,17804,9359003
866686824827068416,2953,17069,9359003
866450705531457537,30058,108495,9359003
866334964761202691,12159,46426,9359003
866094527597207552,7133,0,9359003
865718153858494464,4814,22858,9359003
865359393868664832,4271,23520,9359003
865006731092295680,6634,24959,9359003
864873206498414592,7475,28752,9359003
864279568663928832,2571,13032,9359003
864197398364647424,7555,26551,9359003
863907417377173506,3577,18381,9359003
863553081350529029,3612,13634,9359002
863471782782697472,2084,0,9359002
863432100342583297,4542,21225,9359002
863427515083354112,80,1956,9359002
863079547188785154,949,7877,9359002
863062471531167744,2084,7502,9359002
862831371563274240,4442,17178,9359002
862722525377298433,3075,15289,9359002
862457590147678208,4231,18216,9359002
862096992088072192,19904,66060,9359002
861383897657036800,9228,32188,9359002
861288531465048066,3574,15304,9359002
861005113778896900,3319,14940,9359002
860981674716409858,1850,0,9359002
860924035999428608,675,0,9359002
860563773140209665,1850,6701,9359002
860524505164394496,4582,21198,9359002
860276583193509888,3056,16528,9359002
860184849394610176,5104,14965,9359002
860177593139703809,26611,0,9359002
859924526012018688,3573,17574,9359002
859851578198683649,3057,13946,9359002
859607811541651456,1360,16791,9359002
859196978902773760,26174,80301,9359002
859074603037188101,11919,30334,9359002
858860390427611136,7050,0,9359002
858843525470990336,3018,14090,9359002
858471635011153920,4241,19421,9359002
858107933456039936,2532,14189,9359002
857989990357356544,2259,14452,9359002
857746408056729600,9312,30708,9359002
857393404942143489,1437,5291,9359002
857263160327368704,3959,18205,9359002
857214891891077121,16,203,9359002
857062103051644929,146,0,9359002
857029823797047296,3472,17002,9359002
856543823941562368,2534,14791,9359002
856526610513747968,1651,10792,9359002
856288084350160898,15,489,9359002
856282028240666624,5564,25166,9359002
855862651834028034,21,302,9359002
855860136149123072,849,4396,9359002
855857698524602368,1853,10835,9359002
855851453814013952,16076,41813,9359002
855818117272018944,4798,24219,9359002
855459453768019968,7281,27027,9359002
855245323840757760,5246,0,9359002
855138241867124737,36,0,9359002
854732716440526848,5326,20625,9359002
854482394044301312,6000,26494,9359002
854365224396361728,4132,17155,9359002
854120357044912130,6571,29148,9359002
854010172552949760,2784,14801,9359002
853760880890318849,5103,26012,9359002
853639147608842240,8835,31454,9359002
853299958564483072,3160,14130,9359002
852936405516943360,1782,0,9359002
852912242202992640,1591,8229,9359003
852672615818899456,1904,13611,9359003
852553447878664193,3100,14856,9359003
852311364735569921,8839,30275,9359003
852226086759018497,6071,18304,9359003
852189679701164033,1414,10553,9359003
851591660324737024,3118,14921,9359003
851464819735769094,6290,22219,9359003
851224888060895234,5157,18990,9359003
850753642995093505,8052,28067,9359003
850380195714523136,2325,12049,9359003
850333567704068097,301,3184,9359003
850145622816686080,3385,15010,9359003
850019790995546112,4354,18737,9359003
849776966551130114,6796,27857,9359003
849668094696017920,4432,0,9359003
849412302885593088,2822,14647,9359003
849336543269576704,1683,10533,9359003
849051919805034497,7603,38924,9359003
848690551926992896,3913,23226,9359003
848324959059550208,4142,22777,9359003
848213670039564288,644,7528,9359003
848212111729840128,2711,15004,9359003
847978865427394560,2913,0,9359003
847971574464610304,394,0,9359003
847962785489326080,4559,21693,9359003
847842811428974592,1186,5002,9359003
847617282490613760,376,6456,9359003
847606175596138505,3075,17318,9359003
847251039262605312,3907,18924,9359003
847157206088847362,5242,18335,9359003
847116187444137987,2869,19832,9359471
846874817362120707,3541,18581,9359003
846514051647705089,10346,41088,9359003
846505985330044928,2752,13034,9359003
846153765933735936,8146,29028,9359003
846139713627017216,9141,28741,9359003
846042936437604353,2581,14774,9359003
845812042753855489,7842,26958,9359003
845677943972139009,4371,23389,9359003
845397057150107648,1616,7075,9359003
845306882940190720,4845,21567,9359003
845098359547420673,6924,0,9359003
844979544864018432,2306,12648,9359003
844973813909606400,2840,13906,9359003
844580511645339650,2806,15267,9359003
844223788422217728,1985,12673,9359003
843981021012017153,2697,14081,9359003
843856843873095681,4160,19914,9359003
843604394117681152,2475,15663,9359003
843235543001513987,5385,19931,9359003
842846295480000512,3310,14191,9359003
842765311967449089,1175,6282,9359003
842535590457499648,3165,16876,9359003
842163532590374912,5246,22681,9359003
842115215311396866,2754,13005,9359003
841833993020538882,13527,0,9359003
841680585030541313,7140,23996,9359003
841439858740625411,3305,11702,9359003
841320156043304961,5009,18384,9359003
841314665196081154,4223,14713,9359003
841077006473256960,4878,21298,9359003
840761248237133825,1619,0,9359003
840728873075638272,14563,0,9359003
840698636975636481,2,164,9359003
840696689258311684,889,11455,9359003
840632337062862849,1619,8411,9359003
840370681858686976,4171,15309,9359003
840268004936019968,5204,17856,9359003
839990271299457024,2063,12507,9359003
839549326359670784,7050,25520,9359003
839290600511926273,132,0,9359003
839239871831150596,5918,25180,9359003
838952994649550848,3655,18333,9359003
838921590096166913,1852,10399,9359003
838916489579200512,31,0,9359003
838831947270979586,9997,0,9359003
838561493054533637,1229,10228,9359003
838476387338051585,4331,20933,9359003
838201503651401729,9156,0,9359003
838150277551247360,301,1567,9359003
838085839343206401,1,133,9359003
838083903487373313,2831,16431,9359003
837820167694528512,7133,31771,9359003
837482249356513284,405,3598,9359003
837471256429613056,2058,11967,9359003
837110210464448512,2173,15050,9359003
836989968035819520,2107,11924,9359003
836753516572119041,4254,18090,9359005
836677758902222849,2019,11824,9359005
836648853927522308,506,0,9359005
836397794269200385,25006,0,9359005
836380477523124226,2745,13879,9359005
836260088725786625,3974,19914,9359005
836001077879255040,3878,17859,9359005
835685285446955009,7404,0,9359005
835574547218894849,3291,16607,9359005
835536468978302976,1539,0,9359005
835309094223372289,19106,0,9359005
835297930240217089,2733,15402,9359005
835264098648616962,1539,7216,9359005
835246439529840640,63,1987,9359005
835172783151792128,5284,24518,9359005
835152434251116546,2755,20901,9359005
834931633769889797,1486,10079,9359005
834786237630337024,5102,20180,9359005
834574053763584002,2304,12785,9359005
834477809192075265,9742,0,9359005
834458053273591808,1543,9017,9359005
834209720923721728,4316,19204,9359005
834167344700198914,3353,14807,9359005
834089966724603904,1960,9429,9359005
834086379323871233,2037,12215,9359005
833863086058651648,2204,12595,9359005
833826103416520705,3482,17042,9359005
833732339549220864,203,0,9359005
833722901757046785,2991,19639,9359005
833479644947025920,1885,13975,9359005
833124694597443584,4432,18952,9359005
832998151111966721,2007,12403,9359005
832769181346996225,38,0,9359005
832757312314028032,3312,15820,9359005
832682457690300417,2659,11118,9359005
832645525019123713,484,2730,9359005
832636094638288896,2553,14861,9359005
832397543355072512,2034,11215,9359005
832369877331693569,2913,16038,9359005
832273440279240704,2139,10632,9359005
832215909146226688,5705,0,9359005
832215726631055365,8563,0,9359005
832088576586297345,2,59,9359005
832040443403784192,8796,0,9359005
832032802820481025,4291,16734,9359005
831939777352105988,5642,22429,9359005
831926988323639298,34,319,9359005
831911600680497154,5956,25772,9359005
831670449226514432,1685,9762,9359473
831650051525054464,1782,6668,9359005
831552930092285952,2153,8440,9359005
831322785565769729,1438,8729,9359005
831315979191906304,1035,6160,9359005
831309418084069378,2256,11062,9359005
831262627380748289,1883,11130,9359005
830956169170665475,1373,7495,9359005
830583320585068544,15365,62251,9359005
830173239259324417,5224,0,9359005
830097400375152640,2686,9132,9359005
829878982036299777,4589,0,9359005
829861396166877184,1789,11491,9359005
829501995190984704,9742,29815,9359005
829449946868879360,1854,9847,9359005
829141528400556032,6745,22861,9359005
829011960981237760,15053,50153,9359005
828801551087042563,3150,0,9359005
828770345708580865,5378,24020,9359005
828708714936930305,10287,34157,9359005
828650029636317184,1232,8929,9359005
828409743546925057,1078,6031,9359005
828408677031882754,1182,7232,9359005
828381636999917570,2054,11832,9359005
828376505180889089,990,6969,9359005
828372645993398273,2720,11842,9359005
828361771580813312,165,2063,9359005
828046555563323392,2646,11026,9359005
828011680017821696,1981,9749,9359005
827933404142436356,4812,18788,9359005
827653905312006145,2787,14553,9359005
827600520311402496,863,7045,9359005
827324948884643840,2798,14902,9359005
827199976799354881,2054,9969,9359005
826958653328592898,4589,20259,9359005
826848821049180160,9304,33951,9359005
826615380357632002,3668,0,9359005
826598799820865537,229,4845,9359005
826598365270007810,2173,9420,9359005
826476773533745153,3882,17323,9359005
826240494070030336,2410,12498,9359005
826204788643753985,855,4585,9359005
826115272272650244,2857,14701,9359005
825876512159186944,1733,9900,9359005
825829644528148480,2324,11985,9359005
825535076884762624,16301,53812,9359005
825147591692263424,4167,17204,9359005
825120256414846976,1165,0,9359005
825026590719483904,1165,5889,9359005
824796380199809024,5078,0,9359005
824775126675836928,3259,14017,9359005
824663926340194305,1635,9918,9359005
824325613288833024,9853,11140,9359005
824297048279236611,3552,14179,9359005
824025158776213504,556,4566,9359005
823939628516474880,2522,10036,9359005
823719002937630720,10311,0,9359005
823699002998870016,2330,13165,9359005
823581115634085888,2433,12220,9359005
823333489516937216,22,662,9359005
823322678127919110,3704,14777,9359005
823269594223824897,9184,0,9359005
822975315408461824,3188,16326,9359005
822872901745569793,39752,123688,9359005
822859134160621569,2104,12412,9359005
822647212903690241,5932,0,9359005
822610361945911296,2720,13929,9359005
822489057087389700,5932,17058,9359005
822462944365645825,13078,26207,9359005
822244816520155136,9184,33005,9359005
822163064745328640,4352,0,9359005
821886076407029760,2131,10644,9359005
821813639212650496,3114,0,9359005
821765923262631936,1553,7887,9359005
821522889702862852,1625,7545,9359005
821421320206483457,5107,0,9359005
821407182352777218,3978,11069,9359005
821153421864615936,8,236,9359005
821149554670182400,1818,8086,9359005
821107785811234820,1962,9033,9359005
821044531881721856,2114,11908,9359005
820837357901512704,6213,0,9359005
820749716845686786,9156,29718,9359005
820690176645140481,2990,11557,9359005
820494788566847489,521,0,9359005
820446719150292993,2383,0,9359005
820314633777061888,521,3151,9359005
820078625395449857,5762,18571,9359005
820013781606658049,1079,0,9359005
819952236453363712,1079,5004,9359005
819924195358416896,4527,12197,9359005
819711362133872643,2856,12579,9359005
819588359383371776,1864,9126,9359005
819347104292290561,1115,6810,9359005
819238181065359361,378,2133,9359005
819227688460238848,6213,21734,9359005
819015337530290176,34417,0,9359005
819015331746349057,17724,0,9359005
819006400881917954,17724,42882,9359005
819004803107983360,34417,82412,9359005
818646164899774465,19359,0,9359005
818627210458333184,7036,21164,9359005
818614493328580609,2345,9271,9359005
818588835076603904,5669,0,9359005
818536468981415936,2263,10241,9359005
818307523543449600,7420,0,9359005
818259473185828864,2073,10382,9359005
818145370475810820,2360,11584,9359005
817908911860748288,738,4594,9359005
817827839487737858,25006,48439,9359005
817777686764523521,2513,10191,9359005
817536400337801217,2719,11080,9359005
817502432452313088,3131,0,9359005
817423860136083457,13527,31734,9359005
817415592588222464,885,5281,9359005
817181837579653120,7833,0,9359005
817171292965273600,1856,8282,9359005
817120970343411712,2404,11506,9359005
817056546584727552,1509,8107,9359005
816829038950027264,4371,0,9359005
816816676327063552,1885,9449,9359005
816697700272001025,2046,9213,9359005
816450570814898180,7420,28575,9359005
816336735214911488,1793,8147,9359005
816091915477250048,1978,8463,9359005
816062466425819140,942,0,9359005
816014286006976512,4861,0,9359005
815990720817401858,942,4679,9359005
815966073409433600,7833,21062,9359005
815745968457060357,3841,0,9359005
815736392542261248,2108,9278,9359005
815639385530101762,1547,7800,9359005
815390420867969024,3551,9798,9359005
814986499976527872,1183,7240,9359005
814638523311648768,2515,10660,9359005
814578408554463233,5438,0,9359005
814530161257443328,1732,8189,9359005
814153002265309185,8074,27153,9359005
813944609378369540,2944,0,9359005
813910438903693312,1724,8831,9359005
813812741911748608,12990,34518,9359005
813800681631023104,1640,7866,9359005
813217897535406080,6823,17622,9359005
813202720496779264,1700,8742,9359005
813187593374461952,4029,18757,9359005
813172488309972993,1799,8776,9359005
813157409116065792,2059,7355,9359005
813142292504645637,2236,8060,9359005
813130366689148928,417,4253,9359005
813127251579564032,2909,11180,9359005
813112105746448384,2554,9771,9359005
813096984823349248,3368,10002,9359005
813081950185472002,2586,9400,9359005
813066809284972545,1821,7527,9359005
813051746834595840,6818,19863,9359005
812781120811126785,1783,7128,9359005
812709060537683968,1347,6273,9359005
812503143955202048,1147,5721,9359005
812466873996607488,1796,7554,9359005
812372279581671427,3410,12892,9359005
811985624773361665,1304,6891,9359005
811744202451197953,1466,7132,9359005
811647686436880384,680,5300,9359005
811627233043480576,2837,12035,9359005
811386762094317568,5956,19798,9359005
810984652412424192,1325,5037,9359005
810896069567610880,1637,8502,9359005
810657578271330305,2460,10396,9359005
810284430598270976,10461,33191,9359005
810254108431155201,3150,13929,9359005
809920764300447744,3668,14741,9359005
809808892968534016,4557,0,9359005
809448704142938112,1361,6588,9359005
809220051211603969,5224,18811,9359005
809084759137812480,3282,12524,9359005
808838249661788160,2855,9617,9359005
808733504066486276,2028,7472,9359005
808501579447930884,2447,10720,9359005
808344865868283904,19359,40046,9359005
808134635716833280,5490,0,9359005
808106460588765185,2062,8368,9359005
808001312164028416,3295,11808,9359005
807621403335917568,3372,13807,9359005
807106840509214720,51425,111198,9359005
807059379405148160,6863,0,9359005
807010152071229440,3614,12427,9359005
806629075125202948,32227,70331,9359005
806620845233815552,5125,0,9359005
806576416489959424,1818,4646,9359005
806542213899489280,2208,9702,9359005
806242860592926720,10832,0,9359005
806219024703037440,1130,6115,9359005
805958939288408065,4990,0,9359005
805932879469572096,1794,7854,9359005
805826884734976000,1710,6214,9359005
805823200554876929,7431,0,9359005
805520635690676224,1547,5463,9359005
805487436403003392,2369,8317,9359005
805207613751304193,1621,7456,9359005
804738756058218496,3589,12937,9359005
804475857670639616,1883,5823,9359005
804413760345620481,2999,0,9359005
804026241225523202,14966,41915,9359005
803773340896923648,2577,9510,9359005
803692223237865472,6895,0,9359005
803638050916102144,3872,10340,9359005
803380650405482500,1762,7363,9359005
803321560782307329,4937,0,9359005
803276597545603072,2289,9505,9359005
802952499103731712,1865,8553,9359005
802624713319034886,2716,0,9359005
802600418706604034,1377,6746,9359005
802572683846291456,2348,8493,9359005
802323869084381190,5455,15295,9359005
802265048156610565,1287,6600,9359005
802239329049477120,2448,8623,9359005
802185808107208704,250,0,9359005
801958328846974976,1592,7347,9359005
801854953262350336,218,1720,9359005
801538201127157760,1946,7794,9359005
801285448605831168,770,5718,9359005
801167903437357056,5490,23102,9359005
801127390143516673,3689,0,9359005
801115127852503040,1981,7659,9359005
800859414831898624,90,645,9359005
800855607700029440,1511,0,9359005
800751577355128832,2614,10062,9359005
800513324630806528,2813,12453,9359005
800459316964663297,2054,9018,9359005
800443802682937345,4009,0,9359005
800388270626521089,2626,10570,9359005
800188575492947969,3678,0,9359005
800141422401830912,2383,14469,9359005
800018252395122689,12255,26806,9359005
799774291445383169,4351,0,9359005
799757965289017345,1998,7946,9359005
799422933579902976,1792,7668,9359005
799308762079035393,5056,0,9359005
799297110730567681,2549,9359,9359005
799063482566066176,2333,7673,9359005
798933969379225600,4140,12380,9359005
798925684722855936,1355,7145,9359005
798705661114773508,6182,0,9359005
798701998996647937,7204,0,9359005
798697898615730177,6071,0,9359473
798694562394996736,4626,0,9359005
798686750113755136,2172,0,9359005
798682547630837760,4416,0,9359005
798673117451325440,5202,0,9359005
798665375516884993,3666,0,9359005
798644042770751489,1736,0,9359005
798628517273620480,1856,0,9359005
798585098161549313,5250,0,9359005
798576900688019456,5454,0,9359005
798340744599797760,3130,0,9359005
798209839306514432,2418,9894,9359005
797971864723324932,2881,10917,9359005
797545162159308800,4602,13831,9359005
797236660651966464,6128,18863,9359005
797165961484890113,24,212,9359005
796904159865868288,8323,0,9359005
796865951799083009,1825,7284,9359005
796759840936919040,2819,11169,9359005
796563435802726400,6702,0,9359005
796484825502875648,1644,7164,9359005
796387464403357696,3875,10421,9359005
796177847564038144,13317,0,9359005
796149749086875649,13317,30400,9359005
796125600683540480,1680,4723,9359005
796116448414461957,2243,8611,9359005
796080075804475393,2158,7994,9359005
796031486298386433,3489,10234,9359005
795464331001561088,21867,46606,9359005
795400264262053889,2672,9469,9359005
795076730285391872,5078,15288,9359427
794983741416415232,3144,0,9359005
794926597468000259,2152,9646,9359005
794355576146903043,9625,0,9359005
794332329137291264,2530,9103,9359005
794205286408003585,3102,8746,9359005
793962221541933056,4557,15857,9359005
793845145112371200,1739,8740,9359005
793614319594401792,2917,0,9359005
793601777308463104,1510,7556,9359005
793500921481273345,2222,10085,9359005
793286476301799424,8563,23282,9359005
793271401113350145,2236,8230,9359005
793256262322548741,7768,18869,9359005
793241302385262592,3062,9951,9359005
793226087023144960,2704,9253,9359005
793210959003287553,2599,8447,9359005
793195938047070209,5254,14394,9359005
793180763617361921,1857,6539,9359005
793165685325201412,2618,8873,9359005
793150605191548928,1591,5830,9359005
793135492858580992,2347,6054,9359005
793120401413079041,3665,11982,9359005
792913359805018113,3697,13540,9359005
792883833364439040,3990,10677,9359005
792773781206999040,1567,6980,9359005
792394556390137856,4000,12673,9359005
792050063153438720,1663,6758,9359005
791821351946420224,19614,0,9359005
791784077045166082,8847,0,9359005
791780927877898241,3544,0,9359005
791774931465953280,20675,42610,9359005
791672322847637504,2917,11115,9359005
791406955684368384,3841,12455,9359005
791312159183634433,2356,8296,9359005
791026214425268224,3789,0,9359005
790987426131050500,1981,9277,9359005
790946055508652032,4371,15822,9359005
790723298204217344,2137,0,9359005
790698755171364864,1796,7778,9359005
790581949425475584,6617,19481,9359005
790337589677002753,1763,7404,9359005
790277117346975746,2944,11858,9359005
790227638568808452,3293,0,9359005
789986466051088384,2137,8778,9359005
789960241177853952,3807,0,9359005
789903600034189313,3871,9755,9359005
789628658055020548,1637,7058,9359005
789599242079838210,1786,6358,9359005
789530877013393408,3144,11051,9359005
789314372632018944,2130,8177,9359005
789280767834746880,4572,0,9359005
789268448748703744,2434,8616,9359427
789137962068021249,2598,9201,9359005
788908386943430656,11669,25989,9359005
788765914992902144,9625,25825,9359005
788552643979468800,6630,0,9359005
788412144018661376,4906,14666,9359005
788178268662984705,1966,6872,9359005
788150585577050112,1196,5778,9359005
788070120937619456,3200,0,9359005
788039637453406209,1218,5771,9359005
787810552592695296,2831,8124,9359005
787717603741622272,2576,9685,9359005
787397959788929025,2653,10297,9359005
787322443945877504,1621,7369,9359005
787111942498508800,6275,0,9359005
786963064373534720,7404,25197,9359005
786729988674449408,2267,0,9359005
786709082849828864,5705,17318,9359005
786664955043049472,2358,10019,9359005
786595970293370880,2901,8953,9359005
786363235746385920,3204,10252,9359005
786286427768250368,2634,7544,9359005
786233965241827333,4352,14360,9359005
786051337297522688,145,1350,9359005
786036967502913536,6479,0,9359005
785927819176054784,2973,10768,9359005
785872687017132033,1667,6319,9359005
785639753186217984,2098,7429,9359005
785533386513321988,1831,8554,9359005
785515384317313025,1155,5771,9359005
785264754247995392,1511,6889,9359005
785170936622350336,4474,11326,9359005
784826020293709826,2999,9548,9359005
784517518371221505,2355,8467,9359005
784431430411685888,1181,5429,9359005
784183165795655680,7431,18886,9359005
784057939640352768,10311,28001,9359005
783839966405230592,9997,28294,9359005
783821107061198850,1819,6953,9359005
783695101801398276,2980,9833,9359005
783466772167098368,2071,7941,9359005
783391753726550016,5070,15949,9359005
783347506784731136,5128,0,9359005
783334639985389568,10832,27382,9359005
783085703974514689,2016,7707,9359005
782969140009107456,6863,22736,9359005
782747134529531904,1314,7052,9359005
782722598790725632,4990,16226,9359005
782598640137187329,1763,7361,9359005
782305867769217024,5107,15659,9359005
782021823840026624,5707,0,9359005
781955203444699136,3125,10534,9359005
781661882474196992,2508,9842,9359005
781655249211752448,1047,3762,9359005
781524693396357120,5125,19519,9359005
781308096455073793,2373,6709,9359427
781251288990355457,1919,7890,9359427
781163403222056960,2572,9239,9359005
780931614150983680,6702,20427,9359005
780858289093574656,1855,6775,9359005
780800785462489090,1196,5174,9359005
780601303617732608,3114,11393,9359005
780543529827336192,1623,5934,9359005
780496263422808064,3408,0,9359005
780476555013349377,103,0,9359005
780459368902959104,999,4982,9359005
780192070812196864,2075,8183,9359005
780092040432480260,2120,0,9359005
780074436359819264,4554,11387,9359005
779834332596887552,6479,17698,9359005
779377524342161408,2872,8229,9359005
779124354206535695,16934,0,9359005
779056095788752897,4191,13840,9359005
778990705243029504,6626,18690,9359005
778774459159379968,9107,0,9359005
778764940568104960,337,819,9359005
778748913645780993,1203,6442,9359005
778650543019483137,1384,5405,9359005
778624900596654080,940,4329,9359005
778408200802557953,3992,12829,9359005
778396591732486144,11284,0,9359005
778383385161035776,1018,5487,9359005
778286810187399168,3050,9710,9359005
778039087836069888,2453,7957,9359005
778027034220126208,1490,6175,9359005
777953400541634568,3252,0,9359005
777885040357281792,1511,5982,9359005
777684233540206592,2716,10579,9359005
777641927919427584,3904,0,9359005
777621514455814149,2329,8193,9359005
777189768882946048,3972,13267,9359005
776819012571455488,12528,0,9359005
776813020089548800,1110,4595,9359005
776477788987613185,2545,8216,9359005
776249906839351296,8412,0,9359005
776218204058357768,14638,28003,9359005
776201521193218049,2328,8998,9359005
776113305656188928,4009,11073,9359005
776088319444877312,141,1710,9359005
775898661951791106,15454,0,9359005
775842724423557120,2452,11002,9359005
775733305207554048,3689,13028,9359005
775729183532220416,4260,12236,9359005
775364825476165632,2707,6918,9359005
775350846108426240,3612,9544,9359005
775085132600442880,4351,14582,9359005
774757898236878852,1650,8108,9359005
774639387460112384,1609,6344,9359005
774314403806253056,5056,20467,9359005
773985732834758656,3573,10122,9359005
773922284943896577,1615,6042,9359005
773704687002451968,1494,6222,9359005
773670353721753600,1220,5042,9359005
773547596996571136,5669,20760,9359005
773336787167145985,4652,0,9359005
773308824254029826,6924,21907,9359005
773247561583001600,2990,8855,9359005
773191612633579521,3790,9353,9359005
772877495989305348,3568,8023,9359005
772826264096874500,2199,7551,9359005
772615324260794368,3101,0,9359005
772581559778025472,1578,6085,9359005
772193107915964416,1285,5660,9359005
772152991789019136,1048,3579,9359005
772117678702071809,685,3535,9359005
772114945936949249,440,2574,9359005
772102971039580160,861,3761,9359005
771908950375665664,1747,6160,9359005
771770456517009408,3130,11245,9359005
771500966810099713,2413,7746,9359005
771380798096281600,4652,9882,9359005
771171053431250945,6866,0,9359005
771136648247640064,2699,8575,9359005
771102124360998913,1324,5846,9359005
771014301343748096,1533,6464,9359005
770787852854652928,1099,4604,9359005
770772759874076672,1319,4875,9359005
770655142660169732,1660,6902,9359005
770414278348247044,1919,5920,9359005
770293558247038976,1351,5836,9359005
770093767776997377,2801,0,9359005
770069151037685760,2115,7120,9359005
769940425801170949,8796,29197,9359005
769695466921623552,1556,6024,9359005
769335591808995329,7103,0,9359005
769212283578875904,1592,5067,9359005
768970937022709760,5972,13357,9359005
768909767477751808,2427,0,9359005
768855141948723200,819,3919,9359005
768609597686943744,1094,3844,9359005
768596291618299904,1183,4722,9359005
768554158521745409,5364,0,9359005
768473857036525572,3149,12739,9359473
768193404517830656,3252,10145,9359005
767884188863397888,1261,4452,9359005
767754930266464257,4937,14936,9359005
767500508068192258,2139,7024,9359005
767191397493538821,3455,11495,9359005
767122157629476866,2628,9513,9359427
766793450729734144,1249,4727,9359005
766714921925144576,345,2458,9359005
766693177336135680,727,3782,9359005
766423258543644672,1449,5613,9359005
766313316352462849,1726,6324,9359005
766078092750233600,2410,0,9359005
766069199026450432,770,3926,9359005
766008592277377025,456,3524,9359005
765719909049503744,1983,6784,9359005
765669560888528897,1127,4843,9359005
765395769549590528,3096,25040,9359005
765371061932261376,1995,6659,9359005
765222098633691136,3101,10893,9359005
764857477905154048,1641,6062,9359005
764259802650378240,1382,5621,9359005
763956972077010945,49,730,9359005
763837565564780549,3789,11719,9359006
763183847194451968,1351,5043,9359006
763167063695355904,2739,0,9359006
763103485927849985,2109,6904,9359006
762699858130116608,3293,11327,9359006
762471784394268675,5876,10483,9359006
762464539388485633,3807,9611,9359006
762316489655476224,1026,4491,9359006
762035686371364864,14227,29713,9359006
761976711479193600,1816,5027,9359006
761750502866649088,3571,0,9359006
761745352076779520,790,4005,9359006
761672994376806400,26611,46130,9359006
761599872357261312,1096,3872,9359006
761371037149827077,16577,0,9359006
761334018830917632,1332,4812,9359006
761292947749015552,998,4173,9359006
761227390836215808,1437,4981,9359006
761004547850530816,3200,10617,9359006
760893934457552897,885,3563,9359006
760656994973933572,1741,6159,9359006
760641137271070720,1184,4657,9359006
760539183865880579,3323,7056,9359006
760521673607086080,1278,3909,9359006
760290219849637889,10522,24995,9359006
760252756032651264,795,3693,9359006
760190180481531904,1641,5330,9359006
760153949710192640,28,0,9359006
759943073749200896,1924,5512,9359006
759846353224826880,1792,6266,9359006
759793422261743616,1756,5562,9359006
759557299618865152,1100,4387,9359006
759447681597108224,2267,7913,9359006
759446261539934208,453,1558,9359006
759197388317847553,1797,5681,9359006
759159934323924993,1065,0,9359006
759099523532779520,3804,13582,9359006
759047813560868866,1844,6053,9359006
758854675097526272,838,3313,9359006
758828659922702336,3538,10440,9359006
758740312047005698,1496,5365,9359006
758474966123810816,911,3545,9359006
758467244762497024,2025,4461,9359474
758405701903519748,1756,4859,9359006
758355060040593408,956,3142,9359006
758099635764359168,9107,17642,9359006
758041019896193024,338,2521,9359006
757741869644341248,3011,6384,9359006
757729163776290825,7180,0,9359006
757725642876129280,1108,4242,9359006
757611664640446465,1003,4282,9359006
757597904299253760,277,0,9359006
757596066325864448,954,4058,9359006
757400162377592832,6292,14101,9359006
757393109802180609,1573,5429,9359006
757354760399941633,1298,4198,9359006
756998049151549440,1829,5856,9359006
756939218950160384,1831,6188,9359006
756651752796094464,1190,4682,9359006
756526248105566208,3287,9679,9359006
756303284449767430,1002,3681,9359006
756288534030475264,16248,41073,9359006
756275833623502848,1402,5960,9359006
755955933503782912,2615,6809,9359006
755206590534418437,4886,15258,9359006
755110668769038337,10148,19667,9359006
754874841593970688,7216,0,9359006
754856583969079297,2305,6428,9359006
754747087846248448,476,2408,9359006
754482103782404096,1785,4917,9359006
754449512966619136,671,3493,9359006
754120377874386944,2153,7364,9359006
753655901052166144,1983,5435,9359006
753420520834629632,3225,7314,9359006
753398408988139520,1723,5337,9359006
753375668877008896,2120,7114,9359006
753298634498793472,5185,0,9359006
753294487569522689,955,3117,9359006
753039830821511168,19106,34497,9359006
753026973505581056,874,3641,9359006
752932432744185856,6275,11721,9359006
752917284578922496,1437,6490,9359006
752701944171524096,2604,0,9359006
752682090207055872,1454,5576,9359006
752660715232722944,1418,4065,9359006
752568224206688256,2076,5104,9359006
752519690950500352,3144,6832,9359006
752334515931054080,1006,3577,9359428
752309394570878976,14855,0,9359006
752173152931807232,1664,5526,9359006
751950017322246144,830,2840,9359006
751937170840121344,1195,4813,9359006
751830394383790080,1782,5421,9359006
751793661361422336,2607,5372,9359006
751598357617971201,2821,7389,9359006
751583847268179968,1001,4089,9359006
751538714308972544,1143,4699,9359006
751456908746354688,920,2993,9359006
751251247299190784,5370,11696,9359006
751205363882532864,1659,5886,9359006
751132876104687617,1179,4716,9359006
750868782890057730,1241,4437,9359006
750719632563142656,4572,12220,9359006
750506206503038976,1043,4123,9359006
750429297815552001,3904,12269,9359006
750383411068534784,1038,4254,9359006
750381685133418496,26,666,9359006
750147208377409536,873,2897,9359006
750132105863102464,1174,3352,9359006
750117059602808832,1204,4037,9359006
750101899009982464,772,2836,9359006
750086836815486976,490,2020,9359006
750071704093859840,3020,7227,9359006
750056684286914561,817,2946,9359006
750041628174217216,564,2951,9359006
750026558547456000,717,2519,9359006
750011400160841729,819,2996,9359006
749996283729883136,754,2819,9359006
749981277374128128,2270,4766,9359006
749774190421639168,1205,4339,9359006
749417653287129088,1505,5655,9359006
749403093750648834,489,2429,9359006
749395845976588288,3142,7935,9359006
749317047558017024,2038,5082,9359006
749075273010798592,1878,5349,9359006
749064354620928000,1400,4488,9359006
749036806121881602,728,2873,9359006
748977405889503236,3120,9991,9359006
748932637671223296,2052,5393,9359006
748705597323898880,871,2577,9359006
748699167502000129,1452,4398,9359006
748692773788876800,1223,3942,9359006
748575535303884801,1799,5613,9359006
748568946752774144,606,2039,9359006
748346686624440324,1119,4836,9359006
748337862848962560,3721,7028,9359006
748324050481647620,689,3440,9359006
748307329658011649,652,3434,9359006
748220828303695873,7079,13099,9359006
747963614829678593,1949,5361,9359006
747933425676525569,2344,6157,9359006
747885874273214464,876,2712,9359006
747844099428986880,672,2618,9359006
747816857231626240,1053,4489,9359006
747651430853525504,143,1269,9359006
747648653817413632,5303,11926,9359006
747600769478692864,520,2164,9359006
747594051852075008,945,3414,9359006
747512671126323200,1470,5109,9359006
747461612269887489,938,3581,9359006
747439450712596480,1749,5022,9359006
747242308580548608,2617,0,9359006
747219827526344708,1433,4874,9359006
747204161125646336,828,3117,9359006
747103485104099331,3611,8861,9359006
746906459439529985,269,2707,9359006
746872823977771008,1935,5547,9359006
746818907684614144,1591,4936,9359006
746790600704425984,1456,4505,9359006
746757706116112384,3544,8808,9359006
746726898085036033,1633,5617,9359006
746542875601690625,1739,4673,9359006
746521445350707200,898,0,9359006
746507379341139972,989,4333,9359006
746369468511756288,1482,5745,9359006
746131877086527488,1991,6366,9359006
746056683365994496,737,3314,9359006
745789745784041472,960,3652,9359006
745712589599014916,2116,6483,9359006
745433870967832576,2300,6523,9359006
745422732645535745,2189,7928,9359006
745314880350101504,2471,6584,9359006
745074613265149952,3174,7243,9359006
745057283344719872,2046,6733,9359006
744995568523612160,566,2731,9359006
744971049620602880,2434,7273,9359006
744709971296780288,1430,5209,9359006
744334592493166593,1924,6319,9359006
744234799360020481,70334,144247,9359006
744223424764059648,323,1530,9359006
743980027717509120,1000,3884,9359006
743895849529389061,875,3392,9359006
743835915802583040,1860,0,9359006
743609206067040256,1268,4146,9359474
743595368194129920,5936,16895,9359006
743545585370791937,859,3265,9359006
743510151680958465,3409,7396,9359006
743253157753532416,1114,3921,9359006
743222593470234624,1728,5715,9359006
743210557239623680,1232,3548,9359006
742534281772302336,3264,6538,9359006
742528092657332225,1790,4089,9359006
742465774154047488,3584,6730,9359006
742423170473463808,3408,9062,9359006
742385895052087300,1770,6268,9359006
742161199639494656,1238,3986,9359006
742150209887731712,1393,4694,9359006
741793263812808706,1380,4207,9359006
741743634094141440,2486,7531,9359006
741438259667034112,744,3406,9359006
741303864243200000,2907,8104,9359006
741099773336379392,5002,9192,9359006
741067306818797568,2801,8833,9359006
740995100998766593,2458,5806,9359006
740711788199743490,858,3139,9359006
740699697422163968,705,2646,9359006
740676976021798912,6182,16787,9359006
740373189193256964,12088,32468,9359006
740365076218183684,384,2243,9359006
740359016048689152,794,3042,9359006
740214038584557568,1778,6166,9359006
739979191639244800,5364,18451,9359006
739932936087216128,982,3745,9359006
739844404073074688,785,3514,9359006
739623569819336705,1236,3490,9359006
739606147276148736,1487,4975,9359006
739544079319588864,19187,36365,9359006
739485634323156992,2633,6581,9359006
739238157791694849,52633,106797,9359006
738891149612572673,6,89,9359006
738885046782832640,1042,3493,9359006
738883359779196928,718,3033,9359006
738537504001953792,1392,4691,9359006
738402415918125056,737,2998,9359006
738184450748633089,1103,3960,9359006
738166403467907072,3023,8048,9359006
738156290900254721,581,2276,9359006
737826014890496000,1601,4820,9359006
737800304142471168,3161,9238,9359006
737678689543020544,1192,4624,9359006
737445876994609152,4040,9416,9359006
737322739594330112,728,3315,9359006
737310737551491075,6724,13480,9359006
736736130620620800,1537,3866,9359006
736392552031657984,6630,16286,9359006
736365877722001409,1110,3650,9359006
736225175608430592,2533,7468,9359006
736010884653420544,2694,7222,9359006
735991953473572864,1032,3287,9359006
735648611367784448,1005,3720,9359006
735635087207878657,2134,5644,9359006
735274964362878976,4531,12012,9359006
735256018284875776,801,3053,9359006
735137028879360001,876,2873,9359006
734912297295085568,471,2537,9359006
734787690684657664,5739,11526,9359006
734776360183431168,487,2312,9359006
734559631394082816,353,1373,9359006
733828123016450049,714,3297,9359006
733822306246479872,921,3383,9359006
733482008106668032,851,2876,9359006
733460102733135873,1135,3864,9359006
733109485275860992,15454,49225,9359006
732732193018155009,481,2223,9359006
732726085725589504,794,3286,9359006
732585889486888962,712,3351,9359006
732375214819057664,2274,7415,9359006
732005617171337216,4861,13656,9359006
731285275100512256,899,3214,9359006
731156023742988288,1140,3541,9359006
730924654643314689,1781,5627,9359006
730573383004487680,1906,4453,9359006
730427201120833536,937,3195,9359006
730211855403241472,956,3481,9359006
730196704625098752,1700,4434,9359006
729854734790754305,1009,3708,9359006
729838605770891264,338,1598,9359006
729823566028484608,1122,3646,9359006
729463711119904772,2082,5304,9359006
729113531270991872,287,1735,9359006
728986383096946689,736,2881,9359006
728760639972315136,1535,4279,9359006
728751179681943552,614,2534,9359006
728653952833728512,945,3053,9359006
728409960103686147,1820,4489,9359006
728387165835677696,875,3418,9359006
728046963732717569,1080,3923,9359006
728035342121635841,1507,4150,9359006
728015554473250816,989,3783,9359006
727685679342333952,573,2718,9359006
727644517743104000,1584,5374,9359006
727524757080539137,1079,4099,9359006
727314416056803329,670,3060,9359006
727286334147182592,744,2819,9359006
727175381690781696,1238,3586,9359006
727155742655025152,1194,3319,9359006
726935089318363137,2198,6284,9359006
726887082820554753,1365,3525,9359006
726828223124897792,911,3299,9359006
726224900189511680,1042,4072,9359006
725842289046749185,2410,6514,9359006
725786712245440512,1240,3841,9359006
725729321944506368,1603,4788,9359006
725458796924002305,554,1300,9359006
724983749226668032,1165,3436,9359006
724771698126512129,566,2149,9359006
724405726123311104,1508,4861,9359006
724049859469295616,1615,3973,9359006
724046343203856385,512,2451,9359006
724004602748780546,1387,3827,9359006
723912936180330496,1123,3584,9359006
723688335806480385,2636,7029,9359006
723673163800948736,812,2785,9359006
723179728551723008,1685,4857,9359006
722974582966214656,1428,3760,9359006
722613351520608256,1492,4584,9359006
721503162398597120,1640,4215,9359006
721001180231503872,551,2342,9359006
720785406564900865,698,2860,9359006
720775346191278080,564,2250,9359006
720415127506415616,1355,3782,9359006
720389942216527872,2259,5856,9359006
720340705894408192,872,2618,9359006
720059472081784833,1015,3549,9359006
720043174954147842,1813,4563,9359006
719991154352222208,1589,4473,9359006
719704490224398336,1293,4171,9359006
719551379208073216,1707,4640,9359006
719367763014393856,686,2598,9359006
719339463458033665,1117,4090,9359006
719332531645071360,854,3177,9359006
718971898235854848,984,3199,9359006
718939241951195136,1580,4797,9359006
718631497683582976,7204,17304,9359006
718613305783398402,427,2253,9359006
718540630683709445,920,2241,9359006
718460005985447936,474,2501,9359006
718454725339934721,1375,4497,9359006
718246886998687744,446,1759,9359006
718234618122661888,912,3560,9359006
717841801130979328,542,2266,9359006
717790033953034240,985,2632,9359006
717537687239008257,1657,5304,9359006
717428917016076293,405,1475,9359006
717421804990701568,756,2886,9359006
717047459982213120,1733,5790,9359006
717009362452090881,867,2972,9359006
716802964044845056,1048,3960,9359006
716791146589110272,1457,7738,9359006
716730379797970944,395,1132,9358993
716447146686459905,5299,11968,9358993
716439118184652801,189,2190,9358993
716285507865542656,962,2553,9358993
716080869887381504,1702,6238,9358993
715928423106027520,792,2928,9358993
715758151270801409,1282,3408,9358993
715733265223708672,1524,4277,9358993
715704790270025728,511,2552,9358993
715696743237730304,1160,3605,9358993
715680795826982913,1441,3961,9358993
715360349751484417,1408,5028,9358993
715342466308784130,621,2788,9358993
715220193576927233,585,2202,9358993
715200624753819648,1682,4743,9358993
715009755312439296,1104,3811,9358993
714982300363173890,931,3423,9358993
714962719905021952,3829,6743,9358993
714957620017307648,1277,3806,9358993
714631576617938945,894,3012,9358993
714606013974974464,827,3337,9358993
714485234495041536,1006,2448,9358993
714258258790387713,667,2815,9358993
714251586676113411,757,3022,9358993
714214115368108032,796,2111,9358993
714141408463036416,1277,3996,9358993
713919462244790272,720,3038,9358993
713909862279876608,483,1747,9358993
713900603437621249,660,2612,9358993
713761197720473600,1237,4454,9358993
713411074226274305,1184,4087,9359409
713177543487135744,2586,6637,9358993
713175907180089344,1328,4080,9358993
712809025985978368,6071,17509,9358993
712717840512598017,4499,11296,9358993
712668654853337088,1097,3818,9358993
712438159032893441,1415,4898,9358993
712309440758808576,24,221,9358993
712097430750289920,930,3450,9358993
712092745624633345,811,2705,9358993
712085617388212225,434,3011,9358993
712065007010385924,567,2073,9358993
711998809858043904,120,0,9358993
711968124745228288,2089,7408,9358993
711743778164514816,906,2612,9358993
711732680602345472,3683,8069,9358993
711694788429553666,16577,30213,9358993
711652651650457602,819,3542,9358993
711363825979756544,1015,3319,9358993
711306686208872448,676,3043,9358993
711008018775851008,559,2736,9358993
710997087345876993,1258,4210,9358993
710844581445812225,610,2347,9358993
710833117892898816,476,2465,9358993
710658690886586372,512,2135,9358993
710609963652087808,2150,4422,9358993
710588934686908417,1696,4169,9358993
710296729921429505,668,2197,9358993
710283270106132480,478,1993,9358993
710272297844797440,1137,4139,9358993
710269109699739648,1012,2190,9358993
710153181850935296,808,2675,9358993
710140971284037632,799,2512,9358993
710117014656950272,1778,5020,9358993
709918798883774466,992,3219,9358993
709901256215666688,92,607,9358993
709852847387627521,1086,3227,9358993
709566166965075968,1070,3251,9358993
709556954897764353,974,3014,9358993
709519240576036864,219,1385,9358993
709449600415961088,517,2021,9358993
709409458133323776,616,2421,9358993
709225125749587968,520,2202,9358993
709207347839836162,5169,11399,9358993
709198395643068416,589,2262,9358993
709179584944730112,608,1851,9358993
709158332880297985,363,1873,9358993
709042156699303936,1476,4316,9358993
708853462201716736,592,1667,9358993
708845821941387268,801,2739,9358993
708834316713893888,448,1548,9358993
708810915978854401,6239,15208,9358993
708738143638450176,737,2532,9358993
708711088997666817,638,2332,9358993
708479650088034305,616,2337,9358993
708469915515297792,729,2849,9358993
708400866336894977,9042,14642,9358993
708356463048204288,1198,3299,9358993
708349470027751425,676,2186,9358993
708149363256774660,1412,3982,9358993
708130923141795840,784,3093,9358993
708119489313951744,896,2473,9358993
708109389455101952,501,1796,9358993
708026248782585858,1747,4060,9358993
707995814724026368,1013,2863,9358993
707983188426153984,2,45,9358993
707969809498152960,866,2481,9358993
707776935007539200,871,3006,9358993
707741517457260545,554,2287,9358993
707738799544082433,2197,3725,9358993
707693576495472641,915,3121,9358993
707629649552134146,781,2351,9358993
707610948723478529,5707,15559,9358993
707420581654872064,632,2067,9358993
707411934438625280,543,2112,9358993
707387676719185920,1144,3210,9358993
707377100785885184,974,3005,9358993
707315916783140866,577,2281,9358993
707297311098011648,707,2577,9358993
707059547140169728,619,2396,9358993
707038192327901184,716,2014,9358993
707021089608753152,1220,3724,9358993
707014260413456384,538,2109,9358993
706904523814649856,7103,13406,9358993
706901761596989440,521,1881,9358993
706681918348251136,889,3022,9358993
706644897839910912,982,2345,9358993
706593038911545345,580,1981,9358993
706538006853918722,1286,3184,9358993
706516534877929472,929,2870,9358993
706346369204748288,841,3162,9359409
706310011488698368,7116,19502,9358993
706291001778950144,434,1566,9358993
706265994973601792,847,2513,9358993
706169069255446529,2000,3574,9358993
706166467411222528,1445,4714,9358993
706153300320784384,343,1354,9358993
705975130514706432,661,2858,9358993
705970349788291072,795,2919,9358993
705898680587526145,494,2174,9358993
705786532653883392,466,1787,9358993
705591895322394625,1026,2907,9358993
705475953783398401,823,2735,9358993
705442520700944385,1456,4058,9358993
705428427625635840,1515,3501,9358993
705239209544720384,676,2767,9358993
705223444686888960,712,2372,9358993
705102439679201280,472,1954,9358993
705066031337840642,556,2008,9359409
704871453724954624,1014,3957,9358993
704859558691414016,476,2065,9358993
704847917308362754,1363,4689,9358993
704819833553219584,895,2446,9358993
704761120771465216,2617,6117,9358993
704499785726889984,901,2654,9358993
704491224099647488,71,687,9358993
704480331685040129,978,3143,9358993
704364645503647744,3225,7320,9358993
704347321748819968,313,1442,9358993
704134088924532736,411,1384,9358993
704113298707505153,519,1711,9358993
704054845121142784,841,2690,9358993
703774238772166656,404,1700,9358993
703769065844768768,1018,3008,9358993
703631701117943808,600,2357,9358993
703611486317502464,1379,3539,9358993
703425003149250560,1217,3492,9358993
703407252292673536,623,2253,9358993
703382836347330562,1026,3213,9358993
703356393781329922,344,1761,9358993
703268521220972544,494,1826,9358993
703079050210877440,2796,6799,9358993
703041949650034688,11284,24296,9358993
702932127499816960,650,2366,9358993
702899151802126337,411,1478,9358993
702684942141153280,963,2972,9358993
702671118226825216,506,2015,9358993
702598099714314240,3128,11297,9359409
702539513671897089,864,2637,9358993
702332542343577600,1384,2928,9358993
702321140488925184,948,3017,9358993
702276748847800320,694,2276,9358993
702217446468493312,1222,4382,9358993
701981390485725185,888,3150,9358993
701952816642965504,927,3535,9358993
701889187134500865,1254,3239,9358993
701805642395348998,1503,3111,9358993
701601587219795968,415,1921,9358993
701570477911896070,837,2573,9358993
701545186879471618,549,2445,9358993
701214700881756160,4626,11254,9358993
700890391244103680,509,2035,9358993
700864154249383937,555,2393,9358993
700847567345688576,449,2267,9358993
700796979434098688,855,2250,9358993
700747788515020802,8412,20981,9358993
700518061187723268,720,2386,9358993
700505138482569216,521,2099,9358993
700462010979500032,1622,3774,9358993
700167517596164096,652,2424,9358993
700151421916807169,607,2050,9358993
700143752053182464,2427,6905,9358993
700062718104104960,611,2444,9358993
700029284593901568,528,1912,9358993
700002074055016451,1198,3026,9358993
699801817392291840,846,2769,9358993
699788877217865730,469,2055,9358993
699779630832685056,1104,2498,9358993
699775878809702401,538,1800,9358993
699691744225525762,4147,9433,9358993
699446877801091073,2394,5497,9358993
699434518667751424,464,2024,9358993
699423671849451520,287,1250,9358993
699413908797464576,569,1927,9358993
699370870310113280,391,1745,9358993
699323444782047232,783,2889,9358993
699088579889332224,561,2081,9358993
699079609774645248,570,2254,9358993
699072405256409088,1076,2709,9358993
699060279947165696,1614,3420,9358993
699036661657767936,1088,2397,9358993
698989035503689728,876,3074,9358993
698953797952008193,824,2479,9358993
698907974262222848,553,2332,9358993
698710712454139905,616,2262,9358993
698703483621523456,335,1323,9358993
698635131305795584,312,1199,9358993
698549713696649216,558,2146,9358993
698355670425473025,394,1702,9358993
698342080612007937,868,2072,9358993
698262614669991936,1793,4392,9358993
698195409219559425,5438,15489,9358993
698178924120031232,674,2585,9358993
697995514407682048,305,1409,9358993
697990423684476929,1167,3010,9358993
697943111201378304,613,2194,9358993
697881462549430272,1054,2772,9358993
697630435728322560,497,1597,9358993
697616773278015490,921,2890,9358993
697596423848730625,1131,2767,9358993
697575480820686848,452,1882,9358993
697516214579523584,990,1872,9358993
697482927769255936,598,2231,9358993
697463031882764288,1267,3161,9358993
697270446429966336,1712,4339,9358993
697259378236399616,900,3035,9358993
697255105972801536,1052,2842,9358993
697242256848379904,615,2324,9358993
696900204696625153,933,2911,9358993
696894894812565505,615,2165,9358993
696886256886657024,1625,4440,9358993
696877980375769088,636,2254,9358993
696754882863349760,328,1369,9358993
696744641916489729,833,1886,9358993
696713835009417216,583,2169,9358993
696518437233913856,1561,3629,9358993
696490539101908992,127,1132,9359409
696488710901260288,925,2303,9358993
696405997980676096,1050,2921,9358993
696100768806522880,584,1772,9358993
695816827381944320,1051,2754,9358993
695794761660297217,706,2914,9358993
695767669421768709,664,1706,9358993
695629776980148225,1890,4189,9358993
695446424020918272,1649,4084,9358993
695409464418041856,3234,7973,9358993
695314793360662529,1295,3329,9358993
695095422348574720,549,2448,9358993
695074328191332352,990,2600,9358993
695064344191721472,527,1473,9358993
695051054296211456,715,2428,9358993
694925794720792577,817,2489,9358993
694905863685980160,834,2532,9358993
694669722378485760,13049,32943,9358993
694356675654983680,250,1386,9358993
694352839993344000,539,1877,9358993
694342028726001664,431,1459,9358993
694329668942569472,449,1817,9358993
694206574471057408,1848,3811,9358993
694183373896572928,842,2704,9358993
694001791655137281,923,3134,9358993
693993230313091072,357,1730,9358993
693942351086120961,328,1619,9358993
693647888581312512,517,2473,9358993
693644216740769793,115,1264,9358993
693642232151285760,376,2345,9358993
693629975228977152,719,2255,9358993
693622659251335168,336,1415,9358993
693590843962331137,1774,4651,9358993
693582294167244802,222,1514,9358993
693486665285931008,565,1622,9358993
693280720173801472,1120,3081,9358993
693267061318012928,731,2196,9358993
693262851218264065,452,2041,9358993
693231807727280129,669,2648,9358993
693155686491000832,2889,7253,9358993
693109034023534592,549,1557,9358993
693095443459342336,403,1698,9358993
692919143163629568,695,2492,9358993
692905862751522816,789,2231,9358993
692901601640583168,536,1612,9358993
692894228850999298,713,2077,9358993
692828166163931137,795,2654,9358993
692752401762250755,3293,6266,9358993
692568918515392513,1392,4028,9358993
692535307825213440,1232,2900,9358993
692530551048294401,368,1695,9358993
692423280028966913,197,1366,9358993
692417313023332352,3131,8641,9358993
692187005137076224,743,2331,9358993
692158366030913536,718,1970,9358993
692142790915014657,353,1509,9358993
692041934689402880,1130,3113,9358993
692017291282812928,869,2670,9358993
691820333922455552,1489,3643,9358993
691793053716221953,3820,7479,9358993
691756958957883396,884,2595,9358993
691675652215414786,459,1794,9358993
691483041324204033,500,2196,9358993
691459709405118465,1019,3722,9358993
691444869282295808,750,2431,9358993
691416866452082688,6895,17806,9358993
691321916024623104,599,2378,9358993
691096613310316544,792,2754,9358993
691090071332753408,305,1603,9358993
690989312272396288,2608,5440,9358993
690959652130045952,1112,3306,9358993
690938899477221376,1745,3764,9358993
690932576555528194,905,3019,9358993
690735892932222976,1149,3489,9358993
690728923253055490,465,1994,9358993
690690673629138944,744,2145,9358993
690649993829576704,248,1198,9358993
690607260360429569,14,278,9358993
690597161306841088,546,1781,9359409
690400367696297985,406,1740,9358993
690374419777196032,759,2964,9358993
690360449368465409,789,2442,9358993
690348396616552449,461,1365,9358993
690248561355657216,369,1537,9358993
690021994562220032,922,2576,9358993
690015576308211712,659,2295,9358993
690005060500217858,1533,3379,9358993
689999384604450816,328,1303,9358993
689993469801164801,404,1347,9358993
689977555533848577,407,1262,9358993
689905486972461056,622,2253,9358993
689877686181715968,1043,2790,9358993
689835978131935233,688,2012,9358993
689661964914655233,850,2993,9358993
689659372465688576,3462,9509,9358993
689623661272240129,579,2038,9358993
689599056876867584,5005,10735,9358993
689557536375177216,403,1895,9358993
689517482558820352,1294,3120,9358993
689289219123089408,845,2066,9358993
689283819090870273,1004,3010,9358993
689280876073582592,638,1820,9358993
689275259254616065,225,1051,9358993
689255633275777024,972,2343,9358993
689154315265683456,895,2853,9358993
689143371370250240,454,1862,9358993
688916208532455424,772,2490,9358993
688908934925697024,706,1940,9358993
688898160958271489,710,1919,9358993
688894073864884227,618,2058,9358993
688828561667567616,321,1273,9358993
688804835492233216,168,886,9358993
688789766343622656,604,2048,9358993
688547210804498433,626,2394,9358993
688519176466644993,657,2146,9358993
688385280030670848,4074,8519,9358993
688211956440801280,751,2074,9358993
688179443353796608,527,1976,9358993
688116655151435777,696,2603,9358993
688064179421470721,322,1593,9358993
687841446767013888,2247,5008,9358993
687826841265172480,1007,2513,9358993
687818504314159109,862,2279,9358993
687807801670897665,656,2196,9358993
687732144991551489,594,1614,9358993
687704180304273409,764,2238,9358993
687664829264453632,469,1800,9358993
687494652870668288,527,1753,9358993
687480748861947905,221,1473,9358993
687476254459715584,481,1824,9358993
687460506001633280,490,1906,9358993
687399393394311168,551,1744,9358993
687317306314240000,8323,18606,9358993
687312378585812992,1726,3998,9358993
687127927494963200,2047,4963,9358993
687124485711986689,460,2014,9358993
687109925361856513,2225,5346,9358993
687102708889812993,870,2167,9358993
687096057537363968,551,2072,9358993
686947101016735744,2899,7973,9358993
686760001961103360,1254,3234,9358993
686749460672679938,1314,3193,9358993
686730991906516992,1087,3792,9358993
686683045143953408,729,2604,9358993
686618349602762752,1237,3406,9358993
686606069955735556,490,1748,9358993
686394059078897668,630,1588,9358993
686386521809772549,791,3003,9358993
686377065986265092,514,2043,9358993
686358356425093120,597,1993,9358993
686286779679375361,1519,3705,9358993
686050296934563840,665,2062,9358993
686035780142297088,103,1059,9358993
686034024800862208,1035,2832,9358993
686007916130873345,363,2273,9358993
686003207160610816,562,1676,9358993
685973236358713344,477,1931,9358993
685943807276412928,533,1494,9358993
685906723014619143,2580,6881,9358993
685681090388975616,110,1884,9358993
685667379192414208,507,2178,9358993
685663452032069632,1330,2967,9358993
685641971164143616,694,2682,9358993
685547936038666240,14078,30304,9358992
685532292383666176,1043,2800,9358992
685325112850124800,3571,8657,9358992
685321586178670592,578,2437,9358992
685315239903100929,942,3022,9358992
685307451701334016,395,1919,9358992
685268753634967552,1070,2831,9358992
685198997565345792,588,2135,9358992
685169283572338688,1272,3773,9358992
684969860808454144,326,2215,9358992
684959798585110529,2804,6282,9358992
684940049151070208,944,2962,9358992
684926975086034944,417,3209,9358992
684914660081053696,1320,3212,9358992
684902183876321280,463,1715,9358992
684880619965411328,722,1917,9358992
684830982659280897,19614,32269,9358992
684800227459624960,899,2512,9358992
684594889858887680,3164,8165,9358992
684588130326986752,1274,3802,9358992
684567543613382656,1101,2753,9358992
684538444857667585,852,2432,9358992
684481074559381504,1069,3556,9358992
684460069371654144,502,1812,9358992
684241637099323392,2939,7466,9358992
684225744407494656,183,1137,9358992
684222868335505415,1238,3505,9358992
684200372118904832,943,1980,9358992
684195085588783105,453,1757,9358992
684188786104872960,1046,3212,9358992
684177701129875456,591,1863,9358992
684147889187209216,1367,2735,9358992
684122891630342144,425,1858,9358992
684097758874210310,1293,3777,9358992
683857920510050305,1017,3510,9358992
683852578183077888,315,1789,9358992
683849932751646720,850,2409,9358992
683834909291606017,1017,2405,9358992
683828599284170753,969,2578,9358992
683773439333797890,1218,3065,9358992
683742671509258241,2992,5958,9358992
683515932363329536,2604,6771,9359408
683498322573824003,872,2923,9358992
683481228088049664,901,2442,9358992
683462770029932544,620,2238,9358992
683449695444799489,1455,3572,9358992
683391852557561860,2172,7032,9358992
683357973142474752,822,2660,9358992
683142553609318400,931,2639,9358992
683111407806746624,814,3138,9358992
683098815881154561,587,1992,9358992
683078886620553216,517,1852,9358992
683030066213818368,666,1994,9358992
682962037429899265,14821,33684,9358992
682808988178739200,154,1625,9358992
682788441537560576,1015,2276,9358992
682750546109968385,398,1399,9358992
682697186228989953,333,1211,9358992
682662431982772225,987,2806,9358992
682638830361513985,534,1899,9358992
682429480204398592,1042,3174,9358992
682406705142087680,1584,6949,9358992
682393905736888321,595,2063,9358992
682389078323662849,423,1535,9358992
682303737705140231,883,2811,9358992
682259524040966145,1077,3796,9358992
682242692827447297,1036,2961,9359408
682088079302213632,8847,16736,9358992
682059653698686977,1525,4530,9358992
682047327939461121,845,2944,9358992
682032003584274432,1788,6041,9358992
682003177596559360,1365,2856,9358992
681981167097122816,917,2590,9358992
681891461017812993,744,2265,9358992
681694085539872773,3678,11779,9358992
681679526984871937,399,1628,9358992
681654059175129088,819,2411,9358992
681610798867845120,416,1725,9358992
681579835668455424,1172,3241,9358992
681523177663676416,5185,13131,9358992
681340665377193984,246,1515,9358992
681339448655802368,3692,8542,9358992
681320187870711809,671,2403,9358992
681302363064414209,1618,3589,9358992
681297372102656000,852,2950,9358992
681281657291280384,993,2957,9358992
681261549936340994,235,1331,9358992
681242418453299201,469,1355,9359408
681231109724700672,436,2230,9358992
681193455364796417,1332,3403,9358992
680970795137544192,583,2198,9359471
680959110691590145,1816,4203,9358992
680940246314430465,935,2921,9358992
680934982542561280,391,1907,9358992
680913438424612864,562,2207,9358992
680889648562991104,323,1610,9358992
680836378243002368,1182,3174,9358992
680805554198020098,607,1971,9358992
680801747103793152,739,2181,9358992
680798457301471234,937,2599,9358992
680609293079592961,622,2407,9358992
680583894916304897,1186,3293,9358992
680497766108381184,1728,3876,9358992
680494726643068929,438,1571,9358992
680473011644985345,668,2341,9358992
680440374763077632,438,1320,9358992
680221482581123072,260,1356,9358992
680206703334408192,1041,2578,9358992
680191257256136705,440,1972,9358992
680176173301628928,1390,3549,9358992
680161097740095489,669,2134,9358992
680145970311643136,1555,3305,9358992
680130881361686529,854,2107,9359471
680115823365742593,822,2491,9358992
680100725817409536,1244,3293,9358992
680085611152338944,8120,11707,9358992
680070545539371008,771,2379,9358992
679877062409191424,575,1787,9358992
679872969355714560,595,2011,9358992
679862121895714818,553,2243,9358992
679854723806179328,1098,2607,9358992
679844490799091713,686,2182,9358992
679828447187857408,12528,33050,9358992
679777920601223168,991,2851,9358992
679736210798047232,713,1908,9358992
679729593985699840,746,1988,9358992
679722016581222400,425,1534,9358992
679530280114372609,1877,4356,9358992
679527802031484928,648,2420,9358992
679511351870550016,1142,3063,9358992
679503373272485890,1331,2903,9358992
679475951516934144,578,1915,9358992
679462823135686656,16934,29297,9358992
679405845277462528,1071,2155,9358992
679158373988876288,7216,19364,9358992
679148763231985668,919,2549,9358992
679132435750195208,1032,2691,9358992
679111216690831360,2300,5413,9358992
679062614270468097,7180,15442,9358992
679047485189439488,585,2051,9358992
679001094530465792,1092,2586,9358992
678991772295516161,1014,2062,9358992
678969228704284672,408,1498,9358992
678800283649069056,817,2348,9358992
678798276842360832,1024,3155,9358992
678774928607469569,819,2569,9358992
678767140346941444,1222,3215,9358992
678764513869611008,413,1477,9358992
678755239630127104,2918,6464,9358992
678740035362037760,1484,3388,9358992
678708137298427904,2177,5111,9358992
678675843183484930,1311,2595,9358992
678643457146150913,359,1874,9358992
678446151570427904,1370,3648,9358992
678424312106393600,2263,4985,9358992
678410210315247616,1606,3816,9358992
678399652199309312,28462,73197,9358992
678396796259975168,373,1451,9358992
678389028614488064,380,1708,9358992
678380236862578688,821,2230,9358992
678341075375947776,472,1570,9358992
678334497360859136,222,1180,9358992
678278586130948096,5470,10386,9358992
678255464182861824,327,1446,9358992
678023323247357953,340,1739,9358992
678021115718029313,5605,12337,9358992
677961670166224897,1521,3130,9358992
677918531514703872,364,1215,9358992
677895101218201600,1836,4383,9358992
677716515794329600,874,2781,9358992
677700003327029250,1285,3103,9358992
677698403548192770,286,1116,9358992
677687604918272002,751,2250,9358992
677673981332312066,1345,3025,9358992
677662372920729601,840,1769,9358992
677644091929329666,725,1704,9358992
677573743309385728,598,1931,9358992
677565715327688705,409,1187,9358992
677557565589463040,1012,2215,9358992
677547928504967168,3282,6303,9358992
677530072887205888,204,963,9358992
677335745548390400,1545,2755,9358992
677334615166730240,250,1224,9358992
677331501395156992,207,986,9358992
677328882937298944,1338,3325,9358992
677314812125323265,469,1496,9359471
677301033169788928,354,1111,9358992
677269281705472000,636,1794,9358992
677228873407442944,1461,3197,9358992
677187300187611136,807,2475,9358992
676975532580409345,949,2523,9358992
676957860086095872,719,2020,9358992
676949632774234114,348,1180,9359408
676948236477857792,771,1952,9358992
676946864479084545,326,1573,9358992
676942428000112642,665,1869,9358992
676936541936185344,4416,11590,9358992
676916996760600576,1611,2689,9358992
676897532954456065,646,2051,9358992
676864501615042560,623,1883,9358992
676821958043033607,13725,20650,9358992
676819651066732545,599,1652,9358992
676811746707918848,379,1302,9358992
676776431406465024,1796,4504,9358992
676617503762681856,854,2611,9358993
676613908052996102,176,984,9358993
676606785097199616,386,1720,9358993
676603393314578432,339,1037,9358993
676593408224403456,1883,4122,9358993
676590572941893632,110,838,9358993
676588346097852417,696,2076,9358993
676582956622721024,251,1074,9358993
676575501977128964,985,2321,9358993
676533798876651520,487,1694,9358993
676496375194980353,471,1373,9358993
676470639084101634,4166,10548,9358993
676440007570247681,587,1559,9358993
676430933382295552,302,1261,9358993
676263575653122048,483,1890,9358993
676237365392908289,249,1089,9358993
676219687039057920,27645,70668,9358993
676215927814406144,516,1569,9358993
676191832485810177,915,2050,9358993
676146341966438401,585,1747,9358993
676121918416756736,1023,1962,9358993
676101918813499392,1047,2578,9358993
676098748976615425,1245,2669,9358993
676089483918516224,389,1178,9358993
675898130735476737,506,1441,9358993
675891555769696257,761,1919,9358993
675888385639251968,839,2113,9358993
675878199931371520,1237,3777,9358993
675870721063669760,496,1464,9358993
675853064436391936,1132,2417,9358993
675849018447167488,123,864,9358993
675845657354215424,775,2044,9358993
675822767435051008,474,1385,9358993
675820929667219457,206,956,9358993
675798442703122432,3041,9299,9358993
675781562965868544,418,1451,9358993
675740360753160193,295,1056,9358993
675710890956750848,717,1683,9358993
675707330206547968,597,1783,9358993
675706639471788032,85,582,9358993
675534494439489536,361,1661,9358993
675531475945709568,329,1067,9358993
675522403582218240,249,936,9358993
675517828909424640,407,1146,9358993
675501075957489664,5202,15512,9358993
675497103322386432,1130,2815,9358993
675489971617296384,526,1148,9358993
675483430902214656,853,1659,9358993
675432746517426176,501,1359,9358993
675372240448454658,452,1524,9358993
675362609739206656,192,941,9358993
675354435921575936,14855,29388,9358993
675349384339542016,1996,3522,9358993
675334060156301312,1127,2482,9358993
675166823650848770,1381,3164,9358993
675153376133427200,2256,5578,9358993
675149409102012420,1496,3345,9358993
675147105808306176,197,841,9358993
675146535592706048,255,1052,9358993
675145476954566656,779,1911,9358993
675135153782571009,411,1163,9358993
675113801096802304,686,1732,9358993
675111688094527488,213,867,9358993
675109292475830276,995,2515,9358993
675047298674663426,274,926,9358993
675015141583413248,1034,2403,9358993
675006312288268288,200,873,9358993
675003128568291329,406,1388,9358993
674999807681908736,951,1989,9358993
674805413498527744,315,759,9358993
674800520222154752,746,2687,9358993
674793399141146624,950,2216,9358993
674790488185167872,216,982,9358993
674788554665512960,181,718,9358993
674781762103414784,1043,1803,9358993
674774481756377088,407,980,9358993
674767892831932416,689,1626,9358993
674764817387900928,200,698,9358993
674754018082705410,382,1228,9358993
674752233200820224,399,1307,9358993
674743008475090944,464,1258,9358993
674742531037511680,44,431,9358993
674739953134403584,326,968,9358993
674737130913071104,80,580,9358993
674690135443775488,411,1023,9358993
674670581682434048,565,1446,9359472
674664755118911488,205,808,9358993
674646392044941312,429,1281,9358993
674644256330530816,241,927,9358993
674638615994089473,509,1515,9358993
674632714662858753,501,1337,9358993
674606911342424069,86,839,9358993
674468880899788800,1773,5545,9358993
674447403907457024,314,954,9358993
674436901579923456,344,985,9358993
674422304705744896,464,1280,9358993
674416750885273600,114,611,9358993
674410619106390016,400,1068,9358993
674372068062928900,280,766,9358993
674330906434379776,65,502,9358993
674318007229923329,449,1250,9358993
674307341513269249,6012,10117,9358993
674291837063053312,5128,13155,9358993
674271431610523648,643,1394,9358993
674269164442398721,202,824,9358993
674265582246694913,727,1457,9358993
674262580978937856,382,1175,9358993
674255168825880576,464,1299,9358993
674082852460433408,144,678,9358993
674075285688614912,245,887,9358993
674063288070742018,1905,5705,9358993
674053186244734976,1124,2942,9358993
674051556661161984,431,1289,9358993
674045139690631169,564,1266,9359409
674042553264685056,109,635,9358993
674038233588723717,366,975,9358993
674036086168010753,180,758,9358993
674024893172875264,1081,1578,9358993
674019345211760640,264,1012,9358993
674014384960745472,559,1386,9358993
674008982932058114,299,1083,9358993
673956914389192708,833,1745,9358993
673919437611909120,325,1057,9358993
673906403526995968,1428,2836,9358993
673887867907739649,220,839,9358993
673716320723169284,669,2778,9358993
673715861853720576,1805,3156,9358993
673711475735838725,264,937,9358993
673709992831262724,236,748,9358993
673708611235921920,253,951,9358993
673707060090052608,346,986,9358993
673705679337693185,358,1124,9358993
673700254269775872,500,1280,9358993
673697980713705472,1691,3503,9358993
673689733134946305,568,1531,9359472
673688752737402881,438,1125,9358993
673686845050527744,375,1274,9358993
673680198160809984,414,1228,9358993
673662677122719744,326,1123,9358993
673656262056419329,198,650,9358993
673636718965334016,307,992,9358993
673612854080196609,629,1426,9358993
673583129559498752,313,1060,9358993
673580926094458881,238,736,9358993
673576835670777856,486,1227,9358993
673363615379013632,266,930,9358993
673359818736984064,592,1286,9358993
673355879178194945,491,1340,9358993
673352124999274496,471,1493,9358993
673350198937153538,184,682,9358993
673345638550134785,1098,2224,9358993
673343217010679808,234,854,9358993
673342308415348736,492,1128,9358993
673320132811366400,6866,11934,9358993
673317986296586240,216,780,9358993
673295268553605120,2739,6707,9358993
673270968295534593,312,955,9358993
673240798075449344,614,1274,9358993
673213039743795200,724,1965,9358993
673148804208660480,547,1487,9358993
672997845381865473,629,1751,9358993
672995267319328768,251,844,9358993
672988786805112832,253,873,9358993
672984142909456390,469,1115,9358993
672980819271634944,887,1624,9358993
672975131468300288,775,1496,9358993
672970152493887488,302,836,9358993
672968025906282496,469,1179,9358993
672964561327235073,557,1259,9358993
672902681409806336,422,1228,9358993
672898206762672129,363,792,9358993
672884426393653248,723,1364,9358993
672877615439593473,300,907,9358993
672834301050937345,502,1152,9358993
672828477930868736,416,1108,9358993
672640509974827008,270,872,9358993
672622327801233409,419,1146,9358993
672614745925664768,510,1084,9358993
672609152938721280,338,966,9358993
672604026190569472,335,963,9358993
672594978741354496,528,1176,9358993
672591762242805761,284,839,9358993
672591271085670400,157,638,9358993
672538107540070400,316,900,9358993
672523490734551040,146,551,9358993
672488522314567680,371,989,9358993
672482722825261057,518,987,9358993
672481316919734272,110,639,9358993
672475084225949696,605,1291,9358993
672466075045466113,447,1193,9358993
672272411274932228,2923,5698,9358993
672267570918129665,536,1311,9358993
672264251789176834,285,1007,9358993
672256522047614977,1324,2503,9358993
672254177670729728,647,1270,9358993
672248013293752320,520,1526,9358993
672245253877968896,131,606,9358993
672239279297454080,275,804,9358993
672231046314901505,876,1616,9358993
672222792075620352,176,699,9358993
672205392827572224,1005,1978,9358993
672169685991993344,317,909,9358993
672160042234327040,303,764,9359409
672139350159835138,592,1539,9358993
672125275208069120,986,2115,9358993
672095186491711488,328,872,9358993
672082170312290304,318,837,9358993
672068090318987265,439,1133,9358993
671896809300709376,3666,7593,9358993
671891728106971137,479,1170,9358993
671882082306625538,1202,3092,9358993
671879137494245376,570,1242,9358993
671874878652489728,478,1103,9358993
671866342182637568,417,995,9358993
671855973984772097,371,791,9358993
671789708968640512,2991,6298,9358993
671768281401958400,433,1045,9358993
671763349865160704,772,1487,9358993
671744970634719232,659,1202,9358993
671743150407421952,200,673,9358993
671735591348891648,651,1282,9358993
671729906628341761,3786,7474,9358993
671561002136281088,6298,11358,9358993
671550332464455680,183,809,9358993
671547767500775424,496,1200,9358993
671544874165002241,888,1726,9358993
671542985629241344,483,965,9358993
671538301157904385,333,836,9358993
671536543010570240,343,1036,9358993
671533943490011136,493,895,9358993
671528761649688577,214,736,9358993
671520732782923777,454,1217,9358993
671518598289059840,251,828,9358993
671511350426865664,605,1418,9358993
671504605491109889,3112,6219,9358993
671497587707535361,387,823,9358993
671488513339211776,412,884,9358993
671486386088865792,172,508,9358993
671485057807351808,195,677,9358993
671390180817915904,651,1277,9358993
671362598324076544,257,972,9358993
671357843010908160,133,351,9358993
671355857343524864,104,418,9358993
671347597085433856,369,830,9358993
671186162933985280,176,639,9358993
671182547775299584,283,975,9358993
671166507850801152,301,778,9358993
671163268581498880,965,1455,9358993
671159727754231808,68,313,9358993
671154572044468225,186,623,9358993
671151324042559489,126,587,9358993
671147085991960577,191,580,9358993
671141549288370177,569,1018,9358993
671138694582165504,340,820,9358993
671134062904504320,162,651,9358993
671122204919246848,2180,3075,9358993
671115716440031232,669,1209,9358993
671109016219725825,377,1001,9358993
670995969505435648,241,966,9358993
670842764863651840,7556,22017,9358993
670840546554966016,165,522,9358993
670838202509447168,598,980,9358993
670833812859932673,109,382,9358993
670832455012716544,184,645,9358993
670826280409919488,3493,4858,9358993
670823764196741120,159,673,9358993
670822709593571328,83,543,9358993
670815497391357952,1312,2772,9358993
670811965569282048,230,981,9358993
670807719151067136,425,1050,9358993
670804601705242624,815,1729,9358993
670803562457407488,77,301,9358993
670797304698376195,202,658,9358993
670792680469889025,237,731,9358993
670789397210615808,210,582,9358993
670786190031921152,168,527,9358993
670783437142401025,330,720,9358993
670782429121134593,654,1346,9359472
670780561024270336,249,697,9358993
670778058496974848,62,297,9358993
670764103623966721,371,955,9358993
670755717859713024,87,391,9358993
670733412878163972,446,848,9358993
670727704916926465,312,734,9358993
670717338665226240,416,1048,9358993
670704688707301377,317,685,9358993
670691627984359425,208,516,9358997
670679630144274432,240,662,9358997
670676092097810432,35,214,9358997
670668383499735048,4301,9432,9358997
670474236058800128,630,1330,9358997
670468609693655041,77,314,9358997
670465786746662913,466,852,9358997
670452855871037440,174,489,9358997
670449342516494336,567,1072,9358997
670444955656130560,1736,6040,9358997
670442337873600512,175,579,9358997
670435821946826752,433,938,9358997
670434127938719744,560,1254,9358997
670433248821026816,100,293,9358997
670428280563085312,520,1226,9358997
670427002554466305,141,460,9358997
670421925039075328,549,1139,9358997
670420569653809152,265,536,9358997
670417414769758208,280,500,9358997
670411370698022913,765,1789,9358997
670408998013820928,187,484,9358997
670403879788544000,128,374,9358997
670385711116361728,173,487,9358997
670374371102445568,236,669,9358997
670361874861563904,55,288,9358997
670338931251150849,96,373,9358997
670319130621435904,1065,3462,9358997
670303360680108032,107,381,9358997
670290420111441920,249,622,9358997
670093938074779648,274,907,9358997
670086499208155136,217,619,9358997
670079681849372674,1055,1952,9358997
670073503555706880,677,1380,9358997
670069087419133954,205,549,9358997
670061506722140161,288,665,9358997
670055038660800512,279,592,9358997
670046952931721218,151,574,9358997
670040295598354432,96,657,9358997
670037189829525505,240,526,9358997
670003130994700288,77,295,9358997
669993076832759809,70,284,9358997
669972011175813120,132,392,9358997
669970042633789440,43,271,9358997
669942763794931712,131,443,9358997
669926384437997569,81,338,9358997
669923323644657664,50,202,9358997
669753178989142016,340,704,9358997
669749430875258880,55,227,9358997
669684865554620416,74,446,9358997
669683899023405056,93,338,9358997
669682095984410625,115,312,9358997
669680153564442624,240,582,9358997
669661792646373376,365,712,9358997
669625907762618368,1560,3108,9358997
669603084620980224,316,844,9358997
669597912108789760,131,447,9358997
669583744538451968,798,1313,9358997
669573570759163904,120,388,9359413
669571471778410496,877,1404,9358997
669567591774625800,45,202,9358997
669564461267722241,104,335,9358997
669393256313184256,62,313,9358997
669375718304980992,626,1169,9358997
669371483794317312,148,434,9358997
669367896104181761,129,405,9358997
669363888236994561,199,555,9358997
669359674819481600,103,330,9358997
669354382627049472,1089,2375,9358997
669353438988365824,225,563,9358997
669351434509529089,153,377,9358997
669328503091937280,363,905,9358997
669327207240699904,101,496,9358997
669324657376567296,182,439,9358997
669216679721873412,346,1053,9358997
669214165781868544,135,383,9358997
669203728096960512,405,884,9358997
669037058363662336,264,571,9358997
669015743032369152,322,647,9358997
669006782128353280,209,510,9358997
669000397445533696,5501,18635,9358997
668994913074286592,187,389,9358997
668992363537309700,292,656,9358997
668989615043424256,288,594,9358997
668988183816871936,389,797,9358997
668986018524233728,139,477,9358997
668981893510119424,258,477,9358997
668979806671884288,291,700,9358997
668975677807423489,495,1151,9358997
668967877119254528,18,127,9358997
668960084974809088,209,617,9358997
668955713004314625,63,240,9358997
668932921458302977,50,227,9358997
668902994700836864,87,276,9358997
668892474547511297,126,353,9358997
668872652652679168,267,474,9358997
668852170888998912,139,408,9358997
668826086256599040,112,382,9358997
668815180734689280,225,490,9358997
668779399630725120,324,627,9358997
668655139528511488,187,469,9358997
668645506898350081,457,769,9358997
668643542311546881,445,782,9358997
668641109086707712,465,943,9358997
668636665813057536,434,917,9358997
668633411083464705,1375,2455,9358997
668631377374486528,280,617,9358997
668627278264475648,96,281,9358997
668625577880875008,111,326,9358997
668623201287675904,651,1244,9358997
668620235289837568,35,180,9358997
668614819948453888,271,541,9358997
668587383441514497,918,1471,9358997
668567822092664832,46,206,9358997
668544745690562560,197,453,9358997
668542336805281792,181,403,9358997
668537837512433665,61,226,9358997
668528771708952576,188,401,9358997
668507509523615744,87,275,9358997
668496999348633600,114,358,9358997
668484198282485761,207,371,9358997
668480044826800133,127,394,9358997
668466899341221888,439,767,9358997
668297328638447616,255,555,9358997
668291999406125056,28,213,9358997
668286279830867968,116,436,9358997
668274247790391296,196,717,9358997
668268907921326080,205,483,9358997
668256321989451776,516,1147,9358997
668248472370458624,406,838,9358997
668237644992782336,2411,5423,9358997
668226093875376128,85,246,9358997
668221241640230912,168,452,9358997
668204964695683073,171,486,9359476
668190681446379520,171,574,9358997
668171859951755264,161,424,9358997
668154635664932864,272,438,9358997
668142349051129856,239,508,9358997
668113020489474048,207,580,9358997
667937095915278337,687,1112,9358997
667924896115245057,95,264,9358997
667915453470232577,46,184,9358997
667911425562669056,245,430,9358997
667902449697558528,334,755,9358997
667886921285246976,906,1643,9358997
667885044254572545,398,729,9358997
667878741721415682,101,347,9358997
667873844930215936,338,550,9358997
667866724293877760,898,2703,9358997
667861340749471744,69,222,9358997
667832474953625600,54,255,9358997
667806454573760512,416,926,9358997
667801013445750784,81,282,9358997
667793409583771648,286,606,9358997
667782464991965184,210,363,9358997
667773195014021121,44,203,9358997
667766675769573376,185,371,9358997
667728196545200128,126,323,9358997
667724302356258817,267,422,9358997
667550904950915073,28,0,9358997
667550882905632768,25,0,9358997
667549055577362432,1942,5087,9358997
667546741521195010,106,303,9358997
667544320556335104,456,760,9358997
667538891197542400,58,175,9358997
667534815156183040,443,716,9358997
667530908589760512,206,409,9358997
667524857454854144,963,1496,9358997
667517642048163840,165,331,9358997
667509364010450944,1856,6036,9358997
667502640335572993,193,485,9358997
667495797102141441,231,457,9358997
667491009379606528,189,456,9358997
667470559035432960,85,225,9358997
667455448082227200,53,171,9358997
667453023279554560,73,279,9358997
667443425659232256,486,681,9358997
667437278097252352,197,396,9358997
667435689202614272,76,267,9358997
667405339315146752,194,410,9358997
667393430834667520,50,168,9358997
667369227918143488,143,328,9358997
667211855547486208,209,425,9358997
667200525029539841,227,543,9358997
667192066997374976,86,332,9358997
667188689915760640,328,643,9358997
667182792070062081,5250,12496,9358997
667177989038297088,48,164,9358997
667176164155375616,385,524,9358997
667174963120574464,69,218,9358997
667171260800061440,71,186,9358997
667165590075940865,964,2373,9358997
667160273090932737,50,218,9358997
667152164079423490,14563,42134,9358997
667138269671505920,1860,3998,9358997
667119796878725120,105,284,9358997
667090893657276420,105,286,9358997
667073648344346624,103,351,9358997
667070482143944705,12,72,9358997
667065535570550784,40,143,9358997
667062181243039745,45,192,9358997
667044094246576128,43,162,9358997
667012601033924608,185,393,9358997
666996132027977728,78,213,9358997
666983947667116034,841,2235,9358997
666837028449972224,467,701,9358997
666835007768551424,65,183,9358997
666826780179869698,78,218,9358997
666817836334096384,209,442,9358997
666804364988780544,78,206,9358997
666786068205871104,408,656,9358997
666781792255496192,168,324,9358997
666776908487630848,148,303,9358997
666739327293083650,59,207,9358997
666701168228331520,181,371,9358997
666691418707132416,41,160,9358997
666649482315059201,523,992,9358997
666644823164719104,68,207,9358997
666454714377183233,179,447,9358997
666447344410484738,19,90,9358997
666437273139982337,40,106,9358997
666435652385423360,41,137,9358997
666430724426358785,159,276,9358997
666428276349472768,67,139,9358997
666421158376562688,90,272,9358997
666418789513326592,39,107,9358997
666411507551481857,261,371,9358997
666407126856765440,30,93,9358997
666396247373291520,68,147,9358997
666373753744588802,73,162,9358997
666362758909284353,467,649,9358997
666353288456101888,56,179,9358997
666345417576210432,121,242,9358997
666337882303524864,79,168,9358997
666293911632134144,288,425,9358997
666287406224695296,55,123,9358997
666273097616637952,66,151,9358997
666268910803644416,38,99,9358997
666104133288665088,5454,12843,9358997
666102155909144576,11,66,9358997
666099513787052032,53,134,9358997
666094000022159362,63,142,9358997
666082916733198337,37,92,9358997
666073100786774016,130,273,9358997
666071193221509120,51,127,9358997
666063827256086533,180,395,9358997
666058600524156928,47,99,9358997
666057090499244032,111,247,9358997
666055525042405380,196,367,9358997
666051853826850816,699,1023,9358997
666050758794694657,50,115,9358997
666049248165822465,36,88,9358997
666044226329800704,115,246,9358997
666033412701032449,36,100,9358997
666029285002620928,39,112,9358997
666020888022790149,419,2283,9358997
